{"canidae": [1576.357177734375, -683.8982391357422], "felidae": [1924.8477172851562, -2040.9539794921875], "cat": [-590.6408843994141, -904.65234375], "cattle": [-341.5637741088867, 291.7144088745117], "dog": [-520.8367767333984, -945.0089721679688], "donkey": [-105.77024459838867, 265.4962692260742], "goat": [-302.9962692260742, 139.86207962036133], "guinea pig": [585.2517242431641, -134.4825439453125], "horse": [-468.7065124511719, -1332.3182373046875], "pig": [-547.2837066650391, 396.6052551269531], "rabbit": [-1112.7615966796875, 1066.1269226074219], "fancy rat varieties": [1317.1324768066406, -872.4879455566406], "laboratory rat strains": [1049.8634033203125, -786.2811584472656], "sheep breeds": [874.5194091796875, -462.8020935058594], "water buffalo breeds": [512.9341278076172, -1127.1795959472656], "chicken breeds": [399.74327087402344, -864.1649780273438], "duck breeds": [1030.4885559082031, 102.97129440307617], "goose breeds": [131.50530624389648, 371.54164123535156], "pigeon breeds": [-232.12447357177734, -266.61863708496094], "turkey breeds": [458.88917541503906, -978.2161560058594], "aardvark": [971.5935974121094, 1856.0711059570312], "aardwolf": [1522.1404724121094, -887.6553955078125], "african buffalo": [146.5477180480957, -578.96044921875], "african elephant": [545.5316162109375, -345.9180450439453], "african leopard": [914.5068054199219, -815.729736328125], "albatross": [-2312.9544067382812, 499.7428894042969], "alligator": [-1758.4603271484375, 1026.8072204589844], "alpaca": [2148.645263671875, -183.3431167602539], "american buffalo (bison)": [1403.1554260253906, -392.63612365722656], "american robin": [1362.8756103515625, -716.9020843505859], "amphibian": [-1351.6768798828125, 916.4124755859375], "list": [1577.6737060546875, 100.91560363769531], "anaconda": [1744.9359741210938, 598.5671081542969], "angelfish": [512.5234680175781, -2167.5206909179688], "anglerfish": [-1925.920166015625, -446.3641662597656], "ant": [408.81541442871094, 372.85198974609375], "antelope": [-930.4968566894531, 1994.52978515625], "antlion": [208.20858764648438, -1598.4512329101562], "ape": [-807.9102172851562, -1634.3388061523438], "aphid": [303.33203887939453, 921.3495483398438], "arabian leopard": [572.8515472412109, 172.54565048217773], "arctic fox": [426.3102722167969, -1257.777099609375], "arctic wolf": [998.4678039550781, -923.3347778320312], "arrow crab": [601.0475006103516, -787.4028625488281], "asp": [-243.58946228027344, -1002.5300903320312], "ass (donkey)": [265.19581604003906, -821.1022338867188], "baboon": [-523.6703796386719, 1280.3143615722656], "bald eagle": [1229.9210815429688, -611.9260711669922], "bandicoot": [-123.84656524658203, -1648.70361328125], "barnacle": [1291.3721923828125, -1469.2735290527344], "bass": [649.4555969238281, 402.03648376464844], "bat": [-135.4313621520996, -1174.2616882324219], "bear": [-1974.890625, 182.33197402954102], "beaver": [-1223.6774597167969, 1862.2188720703125], "bedbug": [1808.6929321289062, -1371.1802673339844], "bee": [323.98189544677734, 531.9041748046875], "bird": [-577.6891021728516, 856.6748657226562], "bison": [-1348.0548706054688, 2055.1430053710938], "blackbird": [695.8187713623047, 1337.9601745605469], "black panther": [707.9461669921875, -118.50739288330078], "black widow spider": [590.0522918701172, -1000.6953735351562], "blue bird": [588.9445953369141, -561.5911560058594], "blue jay": [1150.9422912597656, -887.1091918945312], "blue whale": [1092.4147338867188, -58.30019187927246], "boa": [1072.2532653808594, -1604.1926879882812], "bobolink": [772.1922912597656, -357.53782653808594], "bonobo": [1285.3922424316406, 1381.9106140136719], "booby": [-287.9418640136719, -789.8077697753906], "box jellyfish": [277.68072509765625, -529.3846893310547], "buffalo, african": [368.7308578491211, -1092.2555236816406], "buffalo, american (bison)": [861.705322265625, -963.80419921875], "bug": [387.0952606201172, 245.97090911865234], "butterfly": [-853.0329895019531, -258.7925033569336], "camel": [640.0738677978516, 900.42041015625], "canid": [256.34960174560547, 2056.0984497070312], "cardinal": [1750.0477294921875, -794.7120666503906], "carp": [-1652.2161254882812, -848.2542114257812], "catshark": [837.9332885742188, -1641.6099243164062], "caterpillar": [-1132.6819152832031, 490.46424865722656], "cheetah": [-1918.87646484375, 360.9133071899414], "chickadee": [-940.8321533203125, 808.4265747070312], "chicken": [-739.5192718505859, 82.45014381408691], "chimpanzee": [159.40145874023438, 1497.5245056152344], "chinchilla": [-804.6399536132812, -1100.7666320800781], "chipmunk": [-954.2444458007812, 1325.7733154296875], "clam": [-1293.2442626953125, -773.811767578125], "clownfish": [-1616.8377685546875, -247.04434204101562], "cobra": [1392.0379028320312, -1791.4568481445312], "cod": [-1575.6439819335938, -685.8705596923828], "condor": [36.92095756530762, 655.3728790283203], "constrictor": [-1695.310546875, 662.4569549560547], "coral": [58.29357719421387, -1242.0510864257812], "cougar": [-397.828857421875, -676.9450836181641], "cow": [-467.73326110839844, 323.3317565917969], "crab": [-1236.1468505859375, -965.924560546875], "crane": [1266.3422241210938, -1244.8472900390625], "crane fly": [-33.00420570373535, -430.8750457763672], "crawdad": [2112.1290893554688, 331.4857177734375], "cricket": [-200.5928192138672, -1256.8728332519531], "crow": [967.3997497558594, 1030.7022399902344], "cuckoo": [1537.6455688476562, 318.18223571777344], "dingo": [969.3260192871094, -1967.28955078125], "dinosaur": [-250.8628921508789, 550.8866729736328], "dolphin": [-1298.9844360351562, -321.17598724365234], "dove": [485.3394012451172, 1360.2699279785156], "dragon": [-159.82754516601562, 923.5578918457031], "duck": [-894.6316223144531, 270.96739196777344], "dung beetle": [1246.0153198242188, -1028.1696166992188], "eagle": [-2215.7144165039062, 514.4206237792969], "earthworm": [-456.87872314453125, -1743.1052856445312], "earwig": [1792.8151245117188, -1525.3804321289062], "elephant": [-240.49079132080078, 1513.39892578125], "elephant seal": [1201.2354125976562, -750.1801300048828], "emu": [-61.017574310302734, -1690.4776611328125], "ermine": [1608.5180053710938, -480.88458251953125], "firefly": [425.51806640625, -1457.6898193359375], "flamingo": [1759.6111450195312, 1076.4311828613281], "flea": [169.49130249023438, 195.07859802246094], "fly": [-531.0086975097656, 644.7733154296875], "fowl": [-649.4057006835938, 282.23055267333984], "fox": [-661.1617126464844, 1644.5619506835938], "frog": [-1325.6205139160156, 741.0053558349609], "fruit bat": [1272.6895751953125, -78.71633720397949], "gamefowl": [35.53154182434082, -1028.0591125488281], "galliform": [386.2427215576172, -739.8096771240234], "giant panda": [1402.5421142578125, -562.0630645751953], "giant squid": [1064.6487121582031, -296.0292205810547], "gila monster": [1143.1604919433594, -401.7000274658203], "goldfish": [2178.0005493164062, -719.9749145507812], "goose": [-1020.3760986328125, 185.67136001586914], "great blue heron": [729.3357238769531, -241.3615951538086], "great white shark": [709.5350646972656, 110.00514221191406], "grizzly bear": [862.8110046386719, 99.17779541015625], "ground shark": [299.4327621459961, -962.5027770996094], "ground sloth": [262.77406311035156, -1209.1679992675781], "guan": [645.0076446533203, -1501.5814819335938], "guineafowl": [2229.7996215820312, -1152.6268615722656], "haddock": [-1572.3301391601562, -1256.314453125], "hammerhead shark": [1362.4893493652344, -221.9476089477539], "hermit crab": [946.7604675292969, -1077.5082092285156], "herring": [-1263.41748046875, -1474.9081420898438], "hookworm": [-289.4285202026367, -2037.049072265625], "hyena": [-1812.3623657226562, 286.9713363647461], "impala": [249.3006362915039, -1882.6712036132812], "irukandji jellyfish": [454.9628448486328, -133.82600784301758], "jaguar": [176.94867324829102, -1904.4160766601562], "jay": [1570.6856689453125, -283.93151092529297],