{"aardvark": [12913.408203125, 49514.208984375], "albatross": [48057.841796875, -11971.336669921875], "alligator": [31611.259765625, 18965.545654296875], "alpaca": [726.9800567626953, -47056.8896484375], "amphibian": [20884.68505859375, 11466.441650390625], "anaconda": [8626.019897460938, -25590.26123046875], "angelfish": [-29301.435546875, 1860.8883666992188], "anglerfish": [-31467.61962890625, 15800.048828125], "ant": [9711.041870117188, -17933.9453125], "anteater": [34680.33935546875, 18850.4443359375], "antelope": [18557.021484375, 37125.48828125], "antlion": [-33552.34375, -22579.4677734375], "ape": [42887.9150390625, 26820.27099609375], "aphid": [22006.103515625, -24945.5078125], "arctic fox": [-9402.601928710938, -10806.324462890625], "arctic wolf": [-6740.6781005859375, -18241.86279296875], "armadillo": [33307.6708984375, 15532.125244140625], "baboon": [5283.7945556640625, 21585.31005859375], "badger": [15188.90625, 48475.7421875], "bald eagle": [-12366.03759765625, -12404.5263671875], "bandicoot": [-20812.39013671875, -44972.041015625], "barnacle": [3330.1129150390625, -25893.4423828125], "bass": [-28859.27734375, -7950.1409912109375], "bat": [4556.556396484375, -31872.54150390625], "beaked whale": [-10060.53955078125, -15621.19873046875], "bear": [2239.534149169922, 37293.51318359375], "beaver": [11917.005615234375, 35298.525390625], "bedbug": [13537.440185546875, -30945.88623046875], "bee": [13853.746337890625, -16859.564208984375], "bird": [28244.30419921875, -2370.1193237304688], "bison": [-320.90511322021484, 47794.521484375], "black widow spider": [-3434.4464111328125, -22957.9541015625], "blackbird": [39398.70361328125, -11566.556396484375], "blue bird": [-1007.3624420166016, -7932.6434326171875], "blue jay": [-17092.77587890625, -23815.2392578125], "blue whale": [-6169.344482421875, -15679.305419921875], "boa": [-21214.736328125, -29137.607421875], "boar": [18713.7841796875, 33641.4306640625], "bobolink": [-1248.6782836914062, -13975.517578125], "bonobo": [40359.37744140625, 31121.57958984375], "booby": [-4096.859436035156, -36884.9560546875], "bovid": [-17899.36767578125, -20346.607666015625], "box jellyfish": [-4363.6590576171875, -13441.92138671875], "buffalo": [-1982.7899169921875, 47608.30078125], "bug": [7039.27001953125, -17326.669921875], "butterfly": [20857.763671875, -15124.283447265625], "buzzard": [41736.6015625, -13573.172607421875], "camel": [-8712.0556640625, 18013.157958984375], "canid": [-20634.2626953125, 43449.98046875], "cardinal": [3461.6253662109375, -6641.38916015625], "carp": [46613.7890625, 11906.419677734375], "cat": [4673.595275878906, 2859.46533203125], "caterpillar": [17036.961669921875, -9095.7568359375], "catshark": [-29912.939453125, -19386.2939453125], "centipede": [30574.19189453125, 13134.700927734375], "cephalopod": [-28711.72607421875, 15372.5439453125], "chameleon": [36795.28076171875, 16431.91162109375], "cheetah": [-3566.0894775390625, 37507.8173828125], "chickadee": [37942.59033203125, 1491.888427734375], "chicken": [-1060.0590515136719, 7664.398193359375], "chimpanzee": [2344.6595764160156, 29077.87109375], "chinchilla": [11418.380126953125, 450.3590393066406], "chipmunk": [11511.77734375, 19099.022216796875], "clam": [-37442.10205078125, 8783.506469726562], "clownfish": [-30004.8779296875, 24561.5869140625], "cobra": [35089.56787109375, -31966.79443359375], "cod": [-35588.7939453125, -3541.6650390625], "condor": [44376.0009765625, -19936.214599609375], "constrictor": [25942.99072265625, 9191.055297851562], "coral": [-13497.86376953125, 1229.7865295410156], "cougar": [-4400.27099609375, -40584.12109375], "cow": [-376.3737106323242, 15639.64599609375], "crab": [-38738.3935546875, 13075.1953125], "crane": [-15147.225341796875, -35967.74658203125], "crawdad": [-41206.5185546875, -11736.368408203125], "cricket": [5739.2059326171875, -34143.41064453125], "crocodile": [34321.044921875, 12005.2783203125], "crow": [30307.72705078125, -11746.680908203125], "cuckoo": [-29326.09130859375, -32118.8720703125], "dingo": [29924.38720703125, 42668.857421875], "dinosaur": [31837.46826171875, -22241.8798828125], "dog": [3102.5289916992188, 2052.4525451660156], "dolphin": [-23579.65087890625, 25424.94384765625], "donkey": [-8218.7255859375, 14552.40234375], "dormouse": [15810.665283203125, 22106.66259765625], "dove": [37843.1787109375, -15889.931640625], "dragon": [-5326.7578125, 40858.22509765625], "duck": [6885.4388427734375, 9182.359008789062], "dung beetle": [656.8265533447266, -17510.960693359375], "eagle": [46236.2841796875, -13129.775390625], "earthworm": [16064.080810546875, -44765.0244140625], "earwig": [-44344.27734375, 21027.94189453125], "elephant": [-5373.773193359375, 26129.775390625], "elephant seal": [-13643.125, -6835.87890625], "emu": [-22632.39013671875, -44698.681640625], "english pointer": [-12840.269775390625, -9515.631713867188], "ermine": [-10013.495483398438, -37012.56103515625], "firefly": [-28843.8330078125, -24898.46435546875], "flamingo": [-18936.910400390625, 14762.169189453125], "flea": [-1489.674072265625, 291.9391441345215], "fly": [23175.60791015625, -3215.675048828125], "flyingfish": [-14362.8955078125, -3760.4168701171875], "fowl": [1706.5951538085938, 12129.658203125], "fox": [6446.009521484375, 44276.66015625], "frog": [19739.296875, 8396.724243164062], "fruit bat": [-8350.013427734375, -26684.21630859375], "galliform": [-19815.833740234375, -8292.256469726562], "gayal": [-17214.847412109375, -5813.92578125], "gazelle": [-1641.2620544433594, 39055.79833984375], "gila monster": [-14869.95361328125, -22091.4501953125], "goat": [-2679.4699096679688, 14401.68701171875], "goldfish": [-42076.8017578125, -22755.9521484375], "goose": [10108.767700195312, 8712.212524414062], "gopher": [21610.4736328125, 21620.1318359375], "gorilla": [1321.1856079101562, 26529.74853515625], "grasshopper": [15844.146728515625, 10129.901733398438], "great blue heron": [-21661.95556640625, -11734.007568359375], "great white shark": [927.0491790771484, -10754.512939453125], "grizzly bear": [-3424.2202758789062, -17052.0458984375], "ground sloth": [-6676.715087890625, -21827.72705078125], "guan": [-33104.91455078125, -28255.32958984375], "guinea pig": [-13667.646484375, -16681.993408203125], "guineafowl": [-33549.33349609375, -36902.39013671875], "gull": [38110.107421875, -8738.99169921875], "haddock": [-47388.1884765625, 3365.5609130859375], "halibut": [-47350.9130859375, 6482.7532958984375], "hammerhead shark": [-4412.196044921875, -5277.685546875], "hamster": [9110.58837890625, -1022.3671722412109], "hedgehog": [9051.262817382812, 1663.2188415527344], "hermit crab": [-7860.264892578125, -4831.060485839844], "heron": [26082.75634765625, 159.18695449829102], "herring": [-45818.203125, -4688.130798339844], "hookworm": [21079.75341796875, -37707.6220703125], "horse": [-8998.143310546875, 9786.79443359375], "humpback whale": [-7052.333984375, -13155.06103515625], "hyena": [-1059.7631072998047, 36841.640625], "iguana": [27796.396484375, 15143.348388671875], "impala": [-11054.549560546875, -48111.630859375], "irukandji jellyfish": [-4684.394836425781, -19957.435302734375], "jackal": [-985.9158325195312, 34582.55126953125], "jaguar": [-12606.551513671875, -47164.7021484375], "jay": [-21246.36962890625, -4214.923400878906], "junglefowl": [-25877.3828125, -28692.39013671875], "kangaroo": [20209.10888671875, 18136.7431640625], "kangaroo mouse": [-7221.275634765625, -7841.597900390625], "kingfisher": [-34415.90087890625, -16838.359375], "kite": [-25717.93212890625, -38180.498046875], "kiwi": [-3434.6737670898438, 6072.9547119140625], "koala": [-14140.941162109375, 31146.02294921875], "koi": [-40270.7373046875, -25330.33935546875], "krill": [-30511.8310546875, 10531.759033203125], "land snail": [-21050.54443359375, -21883.7646484375], "leech": [-11772.7734375, -33040.73974609375], "lemming": [-7769.6685791015625, 3064.7341918945312], "leopard": [-8004.3536376953125, 34536.36962890625],